Workbook

Sheet Data
A2: SATS Food Solutions (Thailand) Co., Ltd.
A4: MULTI-LAYERED FREEZER NO.1
A5: Power meter report
B6: Datetime: 2025-11-28 SamplingRate: 60 Minute
A7: =K7-1 -> -1 | B7: =K7+1 -> 1
B8: VOLTAGE | H8: CURRENT | L8: Power factor | O8: Frequency | P8: POWER | S8: E (Into load) | T8: REMARK
A9: TIME | B9: V L1-L2 | C9: V L2-L3 | D9: V L3-L1 | E9: V L1 | F9: V L2 | G9: V L3 | H9: I L1 | I9: I L2 | J9: I L3 | K9: I N | L9: PL1 | M9: PL2 | N9: PL3 | P9: P. | Q9: Q. | R9: S. | S9: Wh
A10: (hh:mm:ss) | B10: V. | C10: V. | D10: V. | E10: V. | F10: V. | G10: V. | H10: A. | I10: A. | J10: A. | K10: A. | O10: Hz | P10: kW. | Q10: kVAR. | R10: kVA. | S10: kWh. | W10: Time | X10: Use kWh
A11: 00:00:00 | B11: 399.7 | C11: 400.8 | D11: 399.5 | E11: 230.2 | F11: 231.6 | G11: 230.8 | H11: 1.1 | I11: 1.2 | J11: 1.5 | K11: 1.2 | L11: 0.2 | M11: 0.3 | N11: 0.9 | O11: 50.03 | P11: 0.46 | Q11: -0.629 | R11: 0.872 | S11: 2339 | W11: =LEFT(A11,5) -> 00:00
A12: 01:00:00 | B12: 397.6 | C12: 398.9 | D12: 397.3 | E12: 228.9 | F12: 230.5 | G12: 229.7 | H12: 1.2 | I12: 1.2 | J12: 1.5 | K12: 1.2 | L12: 0.2 | M12: 0.3 | N12: 0.9 | O12: 50 | P12: 0.456 | Q12: -0.628 | R12: 0.869 | S12: 2339 | T12: =(MAX(S11:S26))-S11 -> 8 | W12: =LEFT(A12,5) -> 01:00 | X12: =ROUND((S12-S11),2) -> 0
A13: 02:00:00 | B13: 398.2 | C13: 399.6 | D13: 397.7 | E13: 229.2 | F13: 230.9 | G13: 230.1 | H13: 1.2 | I13: 1.2 | J13: 1.5 | K13: 1.2 | L13: 0.2 | M13: 0.3 | N13: 0.9 | O13: 50.02 | P13: 0.461 | Q13: -0.629 | R13: 0.874 | S13: 2340 | T13: Wh TODAY (kWh) | W13: =LEFT(A13,5) -> 02:00 | X13: =ROUND((S13-S12),2) -> 1
A14: 03:00:00 | B14: 399.1 | C14: 400.3 | D14: 398.4 | E14: 229.7 | F14: 231.5 | G14: 230.5 | H14: 1.2 | I14: 1.2 | J14: 1.5 | K14: 1.2 | L14: 0.2 | M14: 0.3 | N14: 0.9 | O14: 49.98 | P14: 0.46 | Q14: -0.627 | R14: 0.872 | S14: 2340 | W14: =LEFT(A14,5) -> 03:00 | X14: =ROUND((S14-S13),2) -> 0 | Y14: =IFERROR(ROUND((L14/N14),2),"") -> 0.22
A15: 04:00:00 | B15: 401.6 | C15: 402.8 | D15: 400.9 | E15: 231.2 | F15: 232.9 | G15: 231.9 | H15: 1.2 | I15: 1.2 | J15: 1.5 | K15: 1.2 | L15: 0.2 | M15: 0.3 | N15: 0.9 | O15: 50.02 | P15: 0.464 | Q15: -0.636 | R15: 0.881 | S15: 2341 | W15: =LEFT(A15,5) -> 04:00 | X15: =ROUND((S15-S14),2) -> 1 | Y15: =IFERROR(ROUND((L15/N15),2),"") -> 0.22
A16: 05:00:00 | B16: 401.7 | C16: 403.1 | D16: 401.3 | E16: 231.2 | F16: 233 | G16: 232.1 | H16: 1.2 | I16: 1.2 | J16: 1.5 | K16: 1.2 | L16: 0.2 | M16: 0.3 | N16: 0.9 | O16: 50.05 | P16: 0.461 | Q16: -0.64 | R16: 0.886 | S16: 2341 | W16: =LEFT(A16,5) -> 05:00 | X16: =ROUND((S16-S15),2) -> 0 | Y16: =IFERROR(ROUND((L16/N16),2),"") -> 0.22
A17: 06:00:00 | B17: 396.5 | C17: 397.6 | D17: 396 | E17: 228.3 | F17: 229.8 | G17: 228.9 | H17: 1.2 | I17: 1.2 | J17: 1.5 | K17: 1.2 | L17: 0.2 | M17: 0.3 | N17: 0.9 | O17: 50.03 | P17: 0.456 | Q17: -0.624 | R17: 0.867 | S17: 2342 | W17: =LEFT(A17,5) -> 06:00 | X17: =ROUND((S17-S16),2) -> 1 | Y17: =IFERROR(ROUND((L17/N17),2),"") -> 0.22
A18: 07:00:00 | B18: 397.5 | C18: 398.6 | D18: 397.7 | E18: 229.1 | F18: 230.2 | G18: 229.8 | H18: 1.2 | I18: 1.1 | J18: 1.5 | K18: 1.2 | L18: 0.2 | M18: 0.3 | N18: 0.9 | O18: 49.95 | P18: 0.462 | Q18: -0.618 | R18: 0.865 | S18: 2342 | W18: =LEFT(A18,5) -> 07:00 | X18: =ROUND((S18-S17),2) -> 0 | Y18: =IFERROR(ROUND((L18/N18),2),"") -> 0.22
A19: 08:00:00 | B19: 391.4 | C19: 392.8 | D19: 391.8 | E19: 225.7 | F19: 226.9 | G19: 226.5 | H19: 1.2 | I19: 1.2 | J19: 1.5 | K19: 1.2 | L19: 0.2 | M19: 0.3 | N19: 0.9 | O19: 50.03 | P19: 0.457 | Q19: -0.636 | R19: 0.874 | S19: 2342 | W19: =LEFT(A19,5) -> 08:00 | X19: =ROUND((S19-S18),2) -> 0 | Y19: =IFERROR(ROUND((L19/N19),2),"") -> 0.22
A20: 10:00:00 | B20: 397.5 | C20: 399 | D20: 397.5 | E20: 229 | F20: 230.5 | G20: 230 | H20: 1.2 | I20: 1.2 | J20: 1.5 | K20: 1.2 | L20: 0.2 | M20: 0.3 | N20: 0.9 | O20: 50.04 | P20: 0.453 | Q20: -0.654 | R20: 0.885 | S20: 2343 | W20: =LEFT(A20,5) -> 10:00 | X20: =ROUND((S20-S19),2) -> 1 | Y20: =IFERROR(ROUND((L20/N20),2),"") -> 0.22
A21: 11:00:00 | B21: 393.5 | C21: 394.9 | D21: 393.5 | E21: 226.6 | F21: 228.2 | G21: 227.6 | H21: 1.3 | I21: 1.3 | J21: 1.5 | K21: 1.3 | L21: 0.2 | M21: 0.3 | N21: 0.9 | O21: 50.04 | P21: 0.444 | Q21: -0.724 | R21: 0.927 | S21: 2344 | W21: =LEFT(A21,5) -> 11:00 | X21: =ROUND((S21-S20),2) -> 1 | Y21: =IFERROR(ROUND((L21/N21),2),"") -> 0.22
A22: 12:00:00 | B22: 395.1 | C22: 396.7 | D22: 395.3 | E22: 227.6 | F22: 229.2 | G22: 228.6 | H22: 1.3 | I22: 1.2 | J22: 1.5 | K22: 1.3 | L22: 0.2 | M22: 0.3 | N22: 0.9 | O22: 50.04 | P22: 0.456 | Q22: -0.705 | R22: 0.92 | S22: 2344 | W22: =LEFT(A22,5) -> 12:00 | X22: =ROUND((S22-S21),2) -> 0 | Y22: =IFERROR(ROUND((L22/N22),2),"") -> 0.22
A23: 13:00:00 | B23: 394 | C23: 395.1 | D23: 394 | E23: 227 | F23: 228.4 | G23: 227.8 | H23: 1.1 | I23: 1.2 | J23: 1.5 | K23: 1.3 | L23: 0.2 | M23: 0.3 | N23: 0.9 | O23: 49.99 | P23: 0.446 | Q23: -0.657 | R23: 0.885 | S23: 2345 | W23: =LEFT(A23,5) -> 13:00 | X23: =ROUND((S23-S22),2) -> 1 | Y23: =IFERROR(ROUND((L23/N23),2),"") -> 0.22
A24: 14:00:00 | B24: 389.7 | C24: 391.4 | D24: 389.9 | E24: 224.4 | F24: 226 | G24: 225.5 | H24: 1.1 | I24: 1.3 | J24: 1.6 | K24: 1.3 | L24: 0.2 | M24: 0.3 | N24: 0.9 | O24: 49.97 | P24: 0.444 | Q24: -0.682 | R24: 0.893 | S24: 2345 | W24: =LEFT(A24,5) -> 14:00 | X24: =ROUND((S24-S23),2) -> 0 | Y24: =IFERROR(ROUND((L24/N24),2),"") -> 0.22
A25: 16:00:00 | B25: 384.3 | C25: 386.1 | D25: 384.6 | E25: 221.3 | F25: 223 | G25: 222.4 | H25: 1.2 | I25: 1.1 | J25: 1.5 | K25: 1.2 | L25: 0.2 | M25: 0.3 | N25: 0.9 | O25: 49.99 | P25: 0.452 | Q25: -0.61 | R25: 0.843 | S25: 2346 | W25: =LEFT(A25,5) -> 16:00 | X25: =ROUND((S25-S24),2) -> 1 | Y25: =IFERROR(ROUND((L25/N25),2),"") -> 0.22
A26: 17:00:00 | B26: 394.6 | C26: 396.3 | D26: 395.5 | E26: 227.6 | F26: 228.8 | G26: 228.5 | H26: 1.2 | I26: 1.2 | J26: 1.5 | K26: 1.2 | L26: 0.2 | M26: 0.3 | N26: 0.9 | O26: 50 | P26: 0.454 | Q26: -0.659 | R26: 0.881 | S26: 2347 | W26: =LEFT(A26,5) -> 17:00 | X26: =ROUND((S26-S25),2) -> 1 | Y26: =IFERROR(ROUND((L26/N26),2),"") -> 0.22

Sheet Volt p-p

Sheet Volt p-n

Sheet Current

Sheet PF

Sheet kWh

Sheet DataAnalysis
B3: Previous Date | C3: 45988 | D3: Raw Data
B4: Start kWh | C4: =D4 -> 2270 | D4: 2270
B5: Stop kWh | C5: =D5 -> 2339 | D5: 2339
B6: Next Day
B7: To Day | C7: 45989 | E7: =MAX(Data!X12:X26) -> 1 | F7: =MAX(Data!$Y11:$Y26) -> 0.22
B8: Start kWh | C8: =Data!S11 -> 2339 | E8: =MIN(Data!X12:X26) -> 0 | F8: =MIN(Data!$Y11:$Y26) -> 0.22
B9: Stop kWh | C9: =MAX(Data!S11:S26) -> 2347 | E9: =AVERAGE(Data!X12:X26) -> 0.53333333 | F9: =AVERAGE($F7:$F8) -> 0.22
B11: Previous Date Wh | C11: =C5-C4 -> 69
B12: ToDay Wh | C12: =C9-C8 -> 8
B13: Compare with yesterday. | C13: =IFERROR(((C12-C11)/C11)*100,0) -> -88.405797
B14: TranferWord | C14: =IF(C13<0,"▼"&ROUND(ABS(C13),2)&" %","▲"&ROUND(ABS(C13),2)&" %") -> ▼88.41 %
F15: NameDate | G15: Cal %
B16: TOU Offpeak | C16: Start | D16: Stop | E16: Result | F16: =C7 -> 45989 | G16: Off Peak | H16: =IF(OR(TEXT(C7,"ddd")="Sat",TEXT(C7,"ddd")="Sun"),E17+E18+E21,E17+E18) -> 4
B17: 00:00~09:00 | C17: 2339 | D17: 2343 | E17: =D17-C17 -> 4 | F17: =IF(OR(TEXT(C7,"ddd")="Sat",TEXT(C7,"ddd")="Sun"),E17+E18+E21,E17+E18) -> 4
B18: 22:00~NextDay 00:00 | E18: =D18-C18 -> 0
B20: TOU Peak | G20: Peak | H20: =IF(OR(TEXT(C7,"ddd")="Sat",TEXT(C7,"ddd")="Sun"),0,E21) -> 2347
B21: 09:00~22:00 | C21: 0 | D21: 2347 | E21: =D21-C21 -> 2347 | F21: =IF(OR(TEXT(C7,"ddd")="Sat",TEXT(C7,"ddd")="Sun"),0,E21) -> 2347
