Workbook

Sheet Data
A2: SATS Food Solutions (Thailand) Co., Ltd.
A4: Refrigeration System
A5: Refrigeration System report
B6: Datetime: 2025-11-28 SamplingRate: 60 Minute
A7: =L7-1 -> 59 | B7: =L7+1 -> 61 | K7: 45989 | L7: 60 | M7: 0 | N7: 0.99930556 | O7: REFRIG | P7: COMP01
B8: LOW RECEIVER | E8: SUCTION TEMP MLF01 | I8: SUCTION TEMP MLF02 | M8: SUCTION TEMP MLF03 | Q8: REMARK
A9: TIME | B9: NO.1 | C9: NO.2 | D9: NO.3 | E9: A | F9: B | G9: C | H9: PT | I9: A | J9: B | K9: C | L9: PT | M9: A | N9: B | O9: C | P9: PT
A10: (hh:mm:ss) | B10: oC | C10: oC | D10: oC | E10: oC | F10: oC | G10: oC | H10: kg/cm² | I10: oC | J10: oC | K10: oC | L10: kg/cm² | M10: oC | N10: oC | O10: oC | P10: kg/cm² | T10: Time | U10: Use kWh
A11: 00:00:00 | B11: -22.9 | C11: -25.2 | D11: -20 | E11: 22.1 | F11: 21.8 | G11: 21.5 | H11: 0.41 | I11: 6.6 | J11: 2.6 | K11: 2.3 | L11: 0.44 | M11: 25 | N11: 25.4 | O11: 25.5 | P11: 0.43 | T11: =LEFT(A11,5) -> 00:00
A12: 01:00:00 | B12: -21.5 | C12: -23.9 | D12: -18.5 | E12: 21.9 | F12: 21.9 | G12: 21.5 | H12: 0.51 | I12: 7.7 | J12: 4.1 | K12: 3.7 | L12: 0.54 | M12: 24.7 | N12: 25 | O12: 25.3 | P12: 0.52 | T12: =LEFT(A12,5) -> 01:00 | U12: =ROUND((#REF!-#REF!),2) -> #REF!
A13: 02:00:00 | B13: -20.2 | C13: -22.7 | D13: -17.2 | E13: 21.8 | F13: 21.6 | G13: 21.4 | H13: 0.6 | I13: 8.6 | J13: 5.3 | K13: 4.9 | L13: 0.63 | M13: 24.4 | N13: 24.6 | O13: 24.9 | P13: 0.62 | T13: =LEFT(A13,5) -> 02:00 | U13: =ROUND((#REF!-#REF!),2) -> #REF!
A14: 03:00:00 | B14: -18.9 | C14: -21.8 | D14: -15.9 | E14: 21.6 | F14: 21.6 | G14: 21.3 | H14: 0.67 | I14: 9.4 | J14: 6.5 | K14: 6.1 | L14: 0.71 | M14: 24 | N14: 24.5 | O14: 24.5 | P14: 0.71 | T14: =LEFT(A14,5) -> 03:00 | U14: =ROUND((#REF!-#REF!),2) -> #REF! | V14: =IFERROR(ROUND((M14/O14),2),"") -> 0.98
A15: 04:00:00 | B15: -17.8 | C15: -20.4 | D15: -14.8 | E15: 21.4 | F15: 21.5 | G15: 21.2 | H15: 0.76 | I15: 10 | J15: 7.4 | K15: 6.9 | L15: 0.81 | M15: 23.8 | N15: 24 | O15: 24.3 | P15: 0.81 | T15: =LEFT(A15,5) -> 04:00 | U15: =ROUND((#REF!-#REF!),2) -> #REF! | V15: =IFERROR(ROUND((M15/O15),2),"") -> 0.98
A16: 05:00:00 | B16: -16.7 | C16: -19.3 | D16: -13.6 | E16: 21.3 | F16: 21.3 | G16: 21 | H16: 0.86 | I16: 10.6 | J16: 8.2 | K16: 7.7 | L16: 0.9 | M16: 23.4 | N16: 23.6 | O16: 24 | P16: 0.9 | T16: =LEFT(A16,5) -> 05:00 | U16: =ROUND((#REF!-#REF!),2) -> #REF! | V16: =IFERROR(ROUND((M16/O16),2),"") -> 0.98
A17: 06:00:00 | B17: -15.7 | C17: -18.2 | D17: -12.7 | E17: 21.1 | F17: 21 | G17: 20.8 | H17: 0.95 | I17: 11 | J17: 8.9 | K17: 8.5 | L17: 0.99 | M17: 23 | N17: 23.5 | O17: 23.5 | P17: 0.99 | T17: =LEFT(A17,5) -> 06:00 | U17: =ROUND((#REF!-#REF!),2) -> #REF! | V17: =IFERROR(ROUND((M17/O17),2),"") -> 0.98
A18: 07:00:00 | B18: -14.7 | C18: -17.2 | D18: -11.6 | E18: 20.8 | F18: 21 | G18: 20.6 | H18: 1.04 | I18: 11.4 | J18: 9.5 | K18: 9.1 | L18: 1.08 | M18: 22.7 | N18: 23 | O18: 23.2 | P18: 1.07 | T18: =LEFT(A18,5) -> 07:00 | U18: =ROUND((#REF!-#REF!),2) -> #REF! | V18: =IFERROR(ROUND((M18/O18),2),"") -> 0.98
A19: 08:00:00 | B19: -13.7 | C19: -16.2 | D19: -10.7 | E19: 20.7 | F19: 20.7 | G19: 20.5 | H19: 1.14 | I19: 11.8 | J19: 10.1 | K19: 9.7 | L19: 1.18 | M19: 22.4 | N19: 22.7 | O19: 22.9 | P19: 1.17 | T19: =LEFT(A19,5) -> 08:00 | U19: =ROUND((#REF!-#REF!),2) -> #REF! | V19: =IFERROR(ROUND((M19/O19),2),"") -> 0.98
A20: 10:00:00 | B20: -43.5 | C20: -45 | D20: -44.4 | E20: 19.9 | F20: 20.2 | G20: 19.8 | H20: -0.51 | I20: 11.7 | J20: 11.2 | K20: 10.9 | L20: -0.49 | M20: -44.1 | N20: -44.1 | O20: -44.3 | P20: -0.48 | T20: =LEFT(A20,5) -> 10:00 | U20: =ROUND((#REF!-#REF!),2) -> #REF! | V20: =IFERROR(ROUND((M20/O20),2),"") -> 1
A21: 11:00:00 | B21: -45.1 | C21: -45.3 | D21: -44.9 | E21: 20.2 | F21: 20.4 | G21: 20 | H21: -0.51 | I21: 12.9 | J21: 12.4 | K21: 11.9 | L21: -0.49 | M21: -43.3 | N21: -42.7 | O21: -35.6 | P21: -0.49 | T21: =LEFT(A21,5) -> 11:00 | U21: =ROUND((#REF!-#REF!),2) -> #REF! | V21: =IFERROR(ROUND((M21/O21),2),"") -> 1.22
A22: 12:00:00 | B22: -43.2 | C22: -44.1 | D22: -43.4 | E22: 20.4 | F22: 20.7 | G22: 20.3 | H22: -0.42 | I22: 13.1 | J22: 12.8 | K22: 12.5 | L22: -0.39 | M22: -41.6 | N22: -38 | O22: -41.5 | P22: -0.39 | T22: =LEFT(A22,5) -> 12:00 | U22: =ROUND((#REF!-#REF!),2) -> #REF! | V22: =IFERROR(ROUND((M22/O22),2),"") -> 1
A23: 13:00:00 | B23: -44.7 | C23: -45.2 | D23: -44.9 | E23: 20.5 | F23: 20.9 | G23: 20.4 | H23: -0.53 | I23: 13.9 | J23: 13.8 | K23: 13.4 | L23: -0.49 | M23: -44.4 | N23: -44.2 | O23: -44.7 | P23: -0.49 | T23: =LEFT(A23,5) -> 13:00 | U23: =ROUND((#REF!-#REF!),2) -> #REF! | V23: =IFERROR(ROUND((M23/O23),2),"") -> 0.99
A24: 14:00:00 | B24: -38.9 | C24: -39.8 | D24: -39 | E24: 21.1 | F24: 21.4 | G24: 20.9 | H24: -0.25 | I24: 14.5 | J24: 14.4 | K24: 13.9 | L24: -0.24 | M24: -38.4 | N24: -37.5 | O24: -35.9 | P24: -0.23 | T24: =LEFT(A24,5) -> 14:00 | U24: =ROUND((#REF!-#REF!),2) -> #REF! | V24: =IFERROR(ROUND((M24/O24),2),"") -> 1.07
A25: 16:00:00 | B25: -41.6 | C25: -41.9 | D25: -42.7 | E25: 21.6 | F25: 21.7 | G25: 21.2 | H25: -0.47 | I25: 15.9 | J25: 15.9 | K25: 15.4 | L25: -0.44 | M25: -43.1 | N25: -40.7 | O25: -41.5 | P25: -0.44 | T25: =LEFT(A25,5) -> 16:00 | U25: =ROUND((#REF!-#REF!),2) -> #REF! | V25: =IFERROR(ROUND((M25/O25),2),"") -> 1.04
A26: 17:00:00 | B26: -50 | C26: -50 | D26: -50 | E26: 21.9 | F26: 22.2 | G26: 21.6 | H26: -0.65 | I26: 16.8 | J26: 16.9 | K26: 16.4 | L26: -0.63 | M26: -29.2 | N26: -30.6 | O26: -36.7 | P26: -0.63 | T26: =LEFT(A26,5) -> 17:00 | U26: =ROUND((#REF!-#REF!),2) -> #REF! | V26: =IFERROR(ROUND((M26/O26),2),"") -> 0.8

Sheet Volt p-p

Sheet Volt p-n

Sheet Current

Sheet PF

Sheet kWh

Sheet DataAnalysis
B3: Previous Date | D3: Raw Data
B4: Start kWh | C4: =D4 -> 0
B5: Stop kWh | C5: =D5 -> 0
B6: Next Day
B7: To Day | E7: =MAX(Data!U12:U26) -> #REF! | F7: =MAX(Data!$V11:$V26) -> 1.22
B8: Start kWh | C8: =Data!#REF! -> #REF! | E8: =MIN(Data!U12:U26) -> #REF! | F8: =MIN(Data!$V11:$V26) -> 0.8
B9: Stop kWh | C9: =MAX(Data!#REF!) -> #REF! | E9: =AVERAGE(Data!U12:U26) -> #REF! | F9: =AVERAGE($F7:$F8) -> 1.01
B11: Previous Date Wh | C11: =C5-C4 -> 0
B12: ToDay Wh | C12: =C9-C8 -> #REF!
B13: Compare with yesterday. | C13: =IFERROR(((C12-C11)/C11)*100,0) -> 0
B14: TranferWord | C14: =IF(C13<0,"▼"&ROUND(ABS(C13),2)&" %","▲"&ROUND(ABS(C13),2)&" %") -> ▲0 %
F15: NameDate | G15: Cal %
B16: TOU Offpeak | C16: Start | D16: Stop | E16: Result | F16: =C7 -> 0 | G16: Off Peak | H16: =IF(OR(TEXT(C7,"ddd")="Sat",TEXT(C7,"ddd")="Sun"),E17+E18+E21,E17+E18) -> 0
B17: 00:00~09:00 | E17: =D17-C17 -> 0 | F17: =IF(OR(TEXT(C7,"ddd")="Sat",TEXT(C7,"ddd")="Sun"),E17+E18+E21,E17+E18) -> 0
B18: 22:00~NextDay 00:00 | E18: =D18-C18 -> 0
B20: TOU Peak | G20: Peak | H20: =IF(OR(TEXT(C7,"ddd")="Sat",TEXT(C7,"ddd")="Sun"),0,E21) -> 0
B21: 09:00~22:00 | E21: =D21-C21 -> 0 | F21: =IF(OR(TEXT(C7,"ddd")="Sat",TEXT(C7,"ddd")="Sun"),0,E21) -> 0
